F1,F2,F3,F4,F5,F6,F7,F8,F9,F10,F11,F12,F13,F14,Adulteration %,Type_of_Oil
72,207,170,9,222,5326,24,51,121,135,223,5325,7,49,0,sunflower
72,207,169,9,222,5323,24,51,121,134,222,5323,7,49,0,sunflower
72,208,170,9,222,5320,24,51,121,134,222,5316,8,49,0,sunflower
72,208,170,9,223,5334,24,51,122,135,223,5326,7,49,0,sunflower
71,208,170,9,222,5333,24,51,121,135,222,5331,7,49,0,sunflower
71,208,170,9,222,5338,23,51,121,135,221,5334,7,49,0,sunflower
72,208,171,9,222,5338,24,52,122,135,223,5346,7,47,0,sunflower
72,208,170,9,223,5343,24,52,121,135,223,5332,7,49,0,sunflower
72,208,170,9,222,5343,24,51,121,135,223,5339,7,49,0,sunflower
72,208,170,9,223,5337,24,52,121,135,223,5333,7,49,0,sunflower
71,208,170,9,224,5348,23,50,121,135,223,5337,7,49,0,sunflower
72,209,171,9,223,5346,23,51,122,135,223,5340,7,49,0,sunflower
71,207,170,9,223,5346,23,51,121,134,223,5343,7,49,0,sunflower
72,209,170,9,223,5346,24,52,122,135,223,5346,7,49,0,sunflower
72,209,171,9,223,5348,24,52,120,135,223,5348,7,49,0,sunflower
72,208,170,9,223,5348,23,51,122,135,224,5347,7,49,0,sunflower
72,209,171,9,223,5347,24,52,122,135,224,5344,7,49,0,sunflower
72,208,170,9,222,5343,24,51,121,135,223,5339,7,49,0,sunflower
72,208,170,8,222,5340,24,51,122,135,223,5338,7,49,0,sunflower
71,209,170,9,223,5347,24,52,122,135,223,5343,7,49,0,sunflower
71,209,170,9,222,5337,24,51,122,135,223,5345,7,48,0,sunflower
71,208,171,9,223,5345,23,51,121,135,223,5345,7,49,0,sunflower
71,209,171,9,222,5352,24,52,122,136,224,5348,7,49,0,sunflower
71,209,170,8,223,5345,23,51,121,135,223,5341,7,49,0,sunflower
71,209,171,9,223,5349,23,52,122,135,224,5351,7,49,0,sunflower
70,208,171,9,223,5357,24,51,122,134,223,5352,7,49,0,sunflower
72,209,171,9,223,5349,24,51,122,135,223,5350,7,49,0,sunflower
71,209,171,8,223,5353,24,51,122,135,224,5350,7,49,0,sunflower
71,209,171,9,224,5355,23,51,121,135,223,5353,8,49,0,sunflower
71,209,171,9,223,5345,24,52,122,135,224,5344,7,49,0,sunflower
41,153,127,8,161,3813,15,34,89,102,160,3808,6,39,20,sunflower
42,153,128,8,161,3810,14,34,88,103,160,3809,6,39,20,sunflower
41,153,127,7,160,3808,14,34,88,103,160,3806,6,39,20,sunflower
41,153,127,7,160,3807,15,34,89,103,160,3801,6,39,20,sunflower
41,153,126,7,160,3805,15,34,89,103,161,3808,6,39,20,sunflower
41,153,127,8,160,3804,15,34,88,103,159,3804,6,39,20,sunflower
41,153,127,8,160,3801,14,34,89,102,160,3799,6,39,20,sunflower
41,153,127,8,160,3804,15,34,89,103,160,3804,6,39,20,sunflower
41,154,127,7,160,3807,15,34,89,103,160,3806,6,39,20,sunflower
42,154,128,8,160,3808,14,34,89,102,161,3809,6,39,20,sunflower
40,154,127,8,161,3807,15,33,89,103,161,3805,6,39,20,sunflower
41,154,127,8,159,3807,15,34,89,103,161,3807,6,39,20,sunflower
41,154,127,8,160,3811,15,34,89,103,161,3810,6,39,20,sunflower
41,153,127,8,159,3806,15,34,89,103,159,3809,6,39,20,sunflower
41,153,127,8,160,3808,15,34,88,103,161,3808,6,39,20,sunflower
41,154,127,8,160,3811,14,34,89,103,160,3803,6,39,20,sunflower
42,154,125,8,161,3806,14,34,89,102,161,3808,6,39,20,sunflower
42,153,126,8,161,3806,15,34,89,103,161,3804,6,39,20,sunflower
41,153,127,8,160,3812,14,34,89,103,160,3804,6,39,20,sunflower
41,154,127,7,160,3810,14,34,89,103,160,3807,6,39,20,sunflower
41,154,127,8,160,3808,15,34,89,103,161,3810,6,39,20,sunflower
41,154,127,7,160,3807,14,34,87,102,160,3806,6,39,20,sunflower
41,154,127,8,160,3809,14,34,88,103,161,3811,6,39,20,sunflower
41,154,127,8,160,3812,15,34,89,103,160,3811,6,39,20,sunflower
41,153,127,7,160,3807,15,34,89,103,160,3806,6,39,20,sunflower
41,154,128,8,161,3814,14,34,89,102,161,3810,6,39,20,sunflower
41,153,127,7,160,3812,15,35,89,103,161,3810,6,39,20,sunflower
42,154,127,8,161,3809,14,34,89,102,161,3807,6,39,20,sunflower
41,153,127,8,160,3805,14,34,89,103,160,3806,6,39,20,sunflower
41,153,127,8,160,3811,15,34,89,103,161,3808,6,39,20,sunflower
47,162,134,8,172,4042,16,38,93,108,171,4042,6,42,40,sunflower
47,160,134,8,172,4042,15,38,91,107,171,4038,7,42,40,sunflower
47,161,134,8,171,4044,16,38,93,108,172,4039,6,42,40,sunflower
47,162,134,8,172,4047,15,38,93,107,172,4043,6,42,40,sunflower
47,162,134,8,172,4058,16,38,93,108,172,4054,6,42,40,sunflower
47,162,135,8,172,4059,16,39,94,108,172,4064,6,42,40,sunflower
47,162,135,8,173,4059,16,39,93,108,172,4055,6,42,40,sunflower
47,162,135,8,172,4061,16,39,93,108,172,4059,6,42,40,sunflower
47,162,135,8,172,4056,16,38,93,108,172,4057,6,42,40,sunflower
47,161,135,8,173,4069,16,39,94,108,173,4065,6,42,40,sunflower
47,162,135,8,172,4070,16,39,94,109,173,4061,6,42,40,sunflower
47,162,135,8,172,4072,16,39,93,109,173,4073,7,42,40,sunflower
47,163,135,8,172,4068,16,39,94,108,173,4069,6,42,40,sunflower
47,162,135,8,173,4067,16,39,94,108,173,4061,6,42,40,sunflower
47,163,135,8,173,4072,16,39,94,108,174,4066,6,42,40,sunflower
47,162,135,8,173,4076,16,38,94,108,173,4070,6,42,40,sunflower
47,161,135,8,173,4064,16,39,94,108,173,4065,6,42,40,sunflower
46,162,134,8,172,4061,15,38,93,108,172,4062,6,41,40,sunflower
46,162,135,8,172,4062,16,39,94,109,172,4060,7,42,40,sunflower
47,163,135,8,173,4071,16,39,93,109,173,4064,6,42,40,sunflower
47,163,135,8,173,4072,15,38,93,108,172,4065,6,42,40,sunflower
47,163,135,8,173,4069,16,39,94,108,173,4067,6,43,40,sunflower
47,163,134,8,173,4071,16,39,94,109,173,4064,6,42,40,sunflower
47,162,135,8,173,4070,16,39,94,109,173,4081,6,43,40,sunflower
47,163,135,8,173,4075,16,39,93,108,173,4073,7,43,40,sunflower
47,163,135,8,172,4076,15,38,94,108,173,4075,6,42,40,sunflower
47,163,135,8,173,4076,16,39,94,109,173,4079,6,42,40,sunflower
47,163,135,8,173,4078,16,39,93,109,173,4072,6,43,40,sunflower
48,164,136,8,174,4075,16,39,94,108,173,4075,6,42,40,sunflower
39,113,94,7,121,2771,13,32,66,76,121,2772,6,31,60,sunflower
38,114,94,7,122,2782,13,32,67,76,122,2784,5,31,60,sunflower
39,113,94,6,122,2795,13,32,67,76,123,2801,6,31,60,sunflower
39,114,95,7,122,2799,14,33,67,77,123,2794,6,31,60,sunflower
38,113,94,7,123,2789,13,33,67,77,122,2788,6,31,60,sunflower
39,114,94,6,122,2784,13,32,67,76,122,2784,6,31,60,sunflower
39,114,94,7,123,2802,14,33,67,77,123,2797,6,32,60,sunflower
38,114,94,7,123,2795,13,32,67,77,123,2794,6,31,60,sunflower
39,114,95,7,122,2800,13,33,67,76,123,2799,5,31,60,sunflower
39,115,95,7,122,2802,13,32,67,76,123,2807,6,31,60,sunflower
39,114,95,7,122,2805,13,33,67,76,123,2804,6,31,60,sunflower
39,114,95,6,123,2807,13,33,68,77,123,2803,6,31,60,sunflower
39,115,95,7,123,2807,13,32,67,76,123,2798,5,31,60,sunflower
39,113,95,7,123,2807,13,33,67,77,123,2804,6,31,60,sunflower
39,114,94,7,123,2806,13,33,68,77,123,2806,5,31,60,sunflower
39,114,95,6,123,2804,13,33,68,77,123,2807,5,31,60,sunflower
39,114,95,7,123,2805,13,33,67,77,123,2806,6,32,60,sunflower
39,114,95,7,123,2805,13,32,67,76,123,2803,6,31,60,sunflower
39,114,95,6,123,2802,13,33,67,77,123,2806,5,31,60,sunflower
39,114,95,7,123,2808,13,33,67,77,123,2808,6,31,60,sunflower
39,115,95,7,123,2811,13,33,67,77,123,2809,5,31,60,sunflower
39,114,95,7,123,2805,13,32,67,76,123,2807,6,31,60,sunflower
39,114,95,6,123,2802,13,32,67,75,123,2805,6,31,60,sunflower
39,115,94,7,123,2806,13,33,67,77,123,2805,6,31,60,sunflower
38,114,95,7,122,2803,13,32,67,76,123,2805,6,31,60,sunflower
39,114,95,6,122,2807,13,32,67,76,123,2802,6,31,60,sunflower
40,115,95,7,123,2811,14,33,68,77,123,2813,6,31,60,sunflower
40,115,95,7,124,2818,13,32,66,76,123,2810,6,32,60,sunflower
39,114,96,7,123,2809,13,32,67,77,123,2808,5,31,60,sunflower
39,114,95,6,123,2808,13,32,67,77,123,2806,6,32,60,sunflower
50,105,85,6,118,2589,16,39,66,67,118,2586,6,28,80,sunflower
49,106,85,6,117,2567,16,39,66,67,118,2565,6,28,80,sunflower
49,105,85,6,117,2538,16,38,65,66,117,2536,6,28,80,sunflower
49,103,84,6,116,2513,16,38,64,66,116,2511,6,27,80,sunflower
49,103,84,6,115,2493,15,38,64,65,115,2499,6,27,80,sunflower
48,103,83,6,114,2478,15,37,64,65,115,2478,5,27,80,sunflower
47,103,84,6,114,2472,16,38,64,65,115,2474,6,27,80,sunflower
48,102,82,6,114,2471,15,38,64,65,114,2467,5,27,80,sunflower
47,103,83,6,114,2467,15,37,63,64,114,2463,6,28,80,sunflower
47,102,82,6,113,2469,15,37,64,65,114,2468,6,27,80,sunflower
47,102,83,6,114,2473,15,37,63,64,114,2467,6,27,80,sunflower
47,103,83,6,114,2471,15,38,64,65,114,2469,6,27,80,sunflower
47,102,83,6,114,2466,15,37,63,65,113,2461,5,27,80,sunflower
46,101,83,6,113,2459,15,37,63,65,113,2462,6,27,80,sunflower
46,102,82,6,113,2454,15,37,63,64,113,2454,6,27,80,sunflower
46,101,82,6,113,2452,15,37,63,65,113,2450,5,27,80,sunflower
46,101,82,6,112,2450,15,37,63,65,113,2447,5,27,80,sunflower
45,101,82,6,112,2444,15,37,62,64,113,2445,5,26,80,sunflower
46,101,83,6,113,2441,15,37,63,64,112,2439,6,27,80,sunflower
46,102,82,6,112,2442,15,36,63,64,112,2442,6,27,80,sunflower
46,101,82,6,111,2440,15,37,62,64,112,2437,6,27,80,sunflower
46,101,82,6,112,2438,15,36,62,64,112,2439,6,27,80,sunflower
46,101,82,6,112,2440,15,37,62,64,112,2435,6,27,80,sunflower
46,100,82,6,112,2431,15,37,61,64,112,2432,5,27,80,sunflower
46,100,81,6,111,2423,15,37,62,64,112,2420,6,27,80,sunflower
45,101,82,6,111,2421,15,36,62,64,111,2418,5,27,80,sunflower
45,99,81,6,111,2419,15,37,62,64,112,2423,5,27,80,sunflower
45,99,81,6,111,2421,15,36,62,64,111,2417,6,27,80,sunflower
45,100,81,6,111,2416,15,36,61,64,111,2416,6,27,80,sunflower
45,99,81,6,111,2412,15,36,62,64,111,2414,6,27,80,sunflower
76,196,159,8,214,5027,24,57,120,128,213,5022,7,47,0,groundnut
77,197,159,8,215,5052,25,57,121,129,215,5047,7,47,0,groundnut
78,197,160,8,215,5052,24,57,121,128,215,5051,7,47,0,groundnut
77,197,159,8,215,5047,24,57,121,128,215,5044,7,47,0,groundnut
77,197,160,8,214,5041,24,57,121,127,214,5039,6,46,0,groundnut
77,198,160,8,215,5049,24,57,120,129,216,5046,7,47,0,groundnut
78,198,160,8,215,5060,24,56,119,127,213,5006,7,47,0,groundnut
77,197,159,8,213,5044,24,57,121,128,215,5041,6,47,0,groundnut
77,197,160,8,214,5053,24,57,121,128,215,5051,6,47,0,groundnut
77,198,160,8,215,5061,24,57,121,128,215,5053,7,47,0,groundnut
77,198,160,8,215,5049,24,57,121,128,215,5046,7,47,0,groundnut
77,197,160,8,214,5044,24,57,121,128,215,5047,7,47,0,groundnut
77,197,159,8,214,5043,24,56,121,128,215,5037,7,47,0,groundnut
76,197,159,8,214,5031,24,56,120,128,214,5025,7,46,0,groundnut
76,197,160,8,214,5050,24,57,121,129,215,5046,7,46,0,groundnut
77,197,159,8,215,5043,24,57,121,128,215,5044,7,47,0,groundnut
77,198,159,8,215,5046,24,57,121,128,215,5044,7,46,0,groundnut
78,198,160,8,214,5054,24,57,121,128,214,5047,7,47,0,groundnut
78,198,160,8,215,5066,24,57,121,129,216,5066,7,47,0,groundnut
77,197,160,8,214,5047,24,57,121,129,215,5043,7,47,0,groundnut
77,198,159,8,214,5045,24,56,121,128,214,5043,7,47,0,groundnut
77,198,159,8,215,5050,24,57,121,128,215,5042,7,47,0,groundnut
78,198,160,8,214,5049,24,57,121,128,215,5049,6,47,0,groundnut
77,196,159,8,214,5045,24,57,121,128,214,5042,7,47,0,groundnut
77,197,159,8,214,5050,24,57,121,128,215,5050,7,47,0,groundnut
77,196,160,8,214,5047,24,57,121,128,214,5042,7,47,0,groundnut
77,197,159,8,215,5042,24,57,120,128,214,5042,7,47,0,groundnut
77,196,159,7,215,5040,24,57,121,128,215,5046,7,46,0,groundnut
76,197,159,8,214,5032,24,57,121,128,214,5042,7,47,0,groundnut
77,197,159,8,214,5046,24,56,121,129,215,5044,7,47,0,groundnut
55,169,137,8,183,4276,18,47,103,112,182,4274,7,42,20,groundnut
53,169,138,8,181,4250,17,46,102,112,182,4248,7,42,20,groundnut
52,167,136,8,180,4209,17,46,102,111,181,4211,7,42,20,groundnut
52,166,135,8,178,4163,17,45,101,111,180,4202,6,42,20,groundnut
54,170,139,8,184,4299,17,45,101,111,181,4214,6,42,20,groundnut
53,170,138,8,182,4270,16,46,103,112,183,4267,6,42,20,groundnut
53,169,138,8,181,4259,17,46,103,112,182,4254,7,43,20,groundnut
53,170,138,8,183,4266,17,46,103,112,183,4260,6,42,20,groundnut
53,169,137,8,183,4254,17,46,103,112,183,4250,6,43,20,groundnut
54,169,137,8,183,4258,17,47,103,112,183,4253,6,42,20,groundnut
53,169,137,8,183,4255,16,46,103,111,183,4251,6,42,20,groundnut
53,169,135,8,182,4248,17,46,103,112,183,4251,7,42,20,groundnut
52,169,137,8,182,4243,17,46,103,112,183,4247,6,42,20,groundnut
52,169,137,8,181,4236,17,46,103,111,181,4237,7,43,20,groundnut
52,168,137,8,182,4245,17,46,103,112,182,4240,6,42,20,groundnut
51,169,137,8,181,4231,17,46,103,111,181,4229,6,42,20,groundnut
52,169,137,8,181,4232,17,46,103,112,182,4231,6,42,20,groundnut
52,168,137,8,181,4222,16,45,102,111,182,4224,6,42,20,groundnut
52,168,137,7,181,4232,17,46,102,112,181,4224,6,43,20,groundnut
52,169,136,8,181,4229,16,45,102,111,181,4225,6,42,20,groundnut
52,168,137,8,181,4226,17,45,102,111,181,4223,6,42,20,groundnut
52,168,137,8,181,4226,17,46,103,112,181,4222,7,42,20,groundnut
52,169,137,8,181,4223,17,46,102,111,181,4225,7,43,20,groundnut
52,169,136,8,181,4223,17,45,103,111,180,4234,6,42,20,groundnut
53,169,137,8,181,4228,17,45,102,111,181,4221,6,43,20,groundnut
52,168,136,8,180,4218,16,45,101,111,181,4216,6,43,20,groundnut
52,168,137,8,181,4226,17,46,102,111,181,4223,6,42,20,groundnut
52,167,136,8,180,4210,16,46,102,111,181,4209,6,41,20,groundnut
52,167,136,8,180,4212,16,45,102,111,181,4212,6,42,20,groundnut
52,168,137,8,180,4213,17,46,102,111,181,4210,6,42,20,groundnut
72,184,148,8,202,4674,22,56,112,118,203,4668,6,45,40,groundnut
71,184,148,8,202,4657,22,55,112,118,202,4663,6,45,40,groundnut
71,184,147,8,202,4659,22,56,112,118,203,4659,6,45,40,groundnut
72,184,147,8,202,4661,22,56,111,118,202,4659,6,45,40,groundnut
72,184,148,8,202,4668,22,56,112,119,203,4660,6,45,40,groundnut
71,184,148,8,202,4658,22,56,112,118,202,4666,6,45,40,groundnut
72,184,148,8,202,4671,22,55,112,119,202,4660,7,45,40,groundnut
65,181,146,8,198,4576,20,54,110,117,198,4562,6,45,40,groundnut
70,183,147,8,201,4644,20,55,112,118,202,4646,7,45,40,groundnut
70,183,148,8,201,4636,21,54,111,116,200,4620,7,46,40,groundnut
70,183,148,8,201,4636,21,55,111,118,201,4626,6,45,40,groundnut
70,183,147,8,201,4644,21,55,111,117,201,4616,6,44,40,groundnut
69,183,147,8,201,4629,21,55,111,117,201,4635,6,45,40,groundnut
70,183,147,8,201,4642,21,54,111,118,201,4635,7,45,40,groundnut
69,183,147,8,201,4618,21,55,111,118,201,4627,6,45,40,groundnut
69,183,147,8,201,4634,21,54,111,118,201,4636,7,45,40,groundnut
69,183,146,8,201,4638,21,55,111,117,201,4626,6,45,40,groundnut
69,184,147,8,201,4624,21,55,110,118,201,4624,6,45,40,groundnut
69,183,147,8,201,4632,21,55,111,118,201,4627,6,45,40,groundnut
69,183,147,8,201,4634,21,55,111,118,202,4626,6,45,40,groundnut
69,182,147,8,201,4619,21,55,111,118,201,4624,6,45,40,groundnut
67,182,146,8,201,4607,21,55,111,117,201,4621,6,45,40,groundnut
68,183,146,8,200,4615,20,55,111,118,200,4622,6,45,40,groundnut
69,183,147,8,201,4627,21,55,111,118,201,4620,7,45,40,groundnut
69,183,146,8,200,4626,21,55,111,118,201,4618,7,45,40,groundnut
68,182,146,7,200,4622,21,55,111,118,201,4614,6,45,40,groundnut
68,182,146,7,200,4611,21,55,112,118,201,4615,6,45,40,groundnut
68,183,147,8,200,4620,21,55,111,118,201,4614,6,45,40,groundnut
69,183,146,8,199,4618,20,55,111,117,200,4607,6,45,40,groundnut
68,182,147,7,200,4611,21,55,110,117,201,4617,6,45,40,groundnut
76,161,129,7,179,4091,23,55,98,102,178,4081,6,40,60,groundnut
77,162,129,7,180,4130,23,56,98,101,181,4139,6,40,60,groundnut
77,164,131,7,182,4176,23,56,100,103,182,4173,6,41,60,groundnut
78,163,130,7,181,4158,24,56,98,103,181,4159,6,41,60,groundnut
77,162,130,7,181,4154,24,56,100,103,181,4155,6,40,60,groundnut
76,162,130,7,181,4140,23,56,99,102,181,4139,6,40,60,groundnut
76,164,129,7,182,4168,24,56,99,103,181,4133,6,40,60,groundnut
76,162,130,7,180,4131,23,55,99,102,180,4124,6,40,60,groundnut
76,162,130,7,180,4126,23,55,99,102,180,4116,6,40,60,groundnut
77,162,129,7,179,4119,23,55,98,102,180,4120,6,40,60,groundnut
76,162,130,7,179,4120,23,55,99,102,180,4118,6,40,60,groundnut
76,161,129,7,180,4122,23,55,99,102,180,4120,6,40,60,groundnut
74,162,129,7,179,4128,23,55,99,102,180,4124,6,40,60,groundnut
76,162,130,7,180,4122,23,54,98,102,180,4109,6,40,60,groundnut
76,162,129,7,180,4110,23,55,99,102,180,4107,6,40,60,groundnut
74,161,129,7,179,4110,23,55,98,101,179,4106,6,40,60,groundnut
75,162,129,7,180,4112,23,55,98,101,178,4099,6,40,60,groundnut
76,162,129,7,180,4103,23,55,98,100,180,4105,6,40,60,groundnut
77,161,128,7,179,4100,23,55,98,101,179,4091,6,40,60,groundnut
75,161,129,7,180,4113,23,55,98,102,180,4095,6,40,60,groundnut
76,161,128,7,179,4097,23,55,98,102,180,4095,6,40,60,groundnut
76,160,127,7,179,4092,23,55,98,101,179,4094,6,40,60,groundnut
77,161,128,7,179,4097,23,56,98,101,178,4084,6,40,60,groundnut
76,161,128,7,179,4091,23,55,98,101,179,4088,6,40,60,groundnut
76,160,128,7,179,4089,23,55,98,101,179,4087,6,40,60,groundnut
75,160,128,7,178,4077,23,55,97,101,178,4079,6,40,60,groundnut
76,160,127,7,178,4076,23,55,98,101,178,4079,6,40,60,groundnut
76,160,127,6,178,4075,23,55,97,101,179,4072,6,40,60,groundnut
75,160,128,7,178,4082,23,55,98,101,180,4082,6,40,60,groundnut
76,160,128,7,178,4074,23,55,98,101,179,4071,6,40,60,groundnut
69,126,100,6,143,3183,22,50,80,77,143,3188,6,31,80,groundnut
69,126,100,6,142,3180,22,50,79,77,142,3174,5,31,80,groundnut
70,126,100,6,143,3184,22,50,79,77,143,3182,6,31,80,groundnut
69,126,100,6,141,3176,21,49,79,77,142,3176,6,31,80,groundnut
69,127,101,6,143,3195,21,50,79,77,143,3194,6,31,80,groundnut
68,126,99,6,141,3163,21,49,78,77,142,3163,6,31,80,groundnut
68,126,100,6,142,3158,21,49,79,77,142,3157,6,31,80,groundnut
67,125,99,6,141,3152,21,49,78,76,141,3149,6,31,80,groundnut
68,126,99,6,141,3157,21,49,78,77,141,3153,6,31,80,groundnut
67,126,99,6,140,3154,21,49,78,77,141,3152,6,31,80,groundnut
66,126,100,6,141,3148,21,49,79,76,141,3147,6,31,80,groundnut
66,125,99,6,139,3120,20,49,78,76,140,3119,6,31,80,groundnut
65,124,99,6,139,3123,20,48,78,76,140,3123,6,31,80,groundnut
66,125,99,6,140,3121,20,48,77,76,140,3120,6,31,80,groundnut
64,124,98,6,139,3119,20,48,77,76,139,3113,6,30,80,groundnut
64,124,98,6,139,3106,20,48,77,76,139,3108,5,30,80,groundnut
63,124,98,6,138,3092,19,48,77,76,139,3094,6,30,80,groundnut
63,122,97,6,138,3080,20,47,76,75,139,3081,6,31,80,groundnut
62,122,97,6,137,3063,19,47,76,75,138,3065,6,31,80,groundnut
62,122,97,6,138,3060,19,47,76,75,138,3061,6,31,80,groundnut
61,123,97,6,137,3059,19,47,76,75,138,3061,6,30,80,groundnut
62,122,97,6,137,3057,19,47,76,75,138,3056,6,31,80,groundnut
63,122,97,6,138,3064,19,47,76,75,138,3057,6,31,80,groundnut
62,122,97,6,137,3056,19,47,77,75,137,3059,6,30,80,groundnut
62,122,97,6,138,3056,19,47,77,75,138,3055,6,31,80,groundnut
63,123,98,6,137,3062,19,47,76,75,138,3048,6,31,80,groundnut
62,122,97,6,137,3054,19,47,76,75,138,3051,6,31,80,groundnut
62,122,97,6,137,3052,19,46,76,75,138,3053,6,31,80,groundnut
62,122,97,6,137,3045,19,47,76,75,136,3050,6,30,80,groundnut
61,122,97,6,137,3042,19,46,76,75,137,3041,6,31,80,groundnut
68,216,180,8,230,5437,22,48,111,143,230,5434,7,52,0,safflower
66,215,180,8,229,5414,21,47,111,143,230,5414,6,52,0,safflower
67,215,180,8,229,5422,22,48,109,143,230,5424,6,52,0,safflower
67,216,179,8,229,5435,22,48,111,144,229,5428,7,52,0,safflower
67,216,180,8,230,5450,22,48,111,144,230,5443,7,52,0,safflower
68,216,180,9,230,5440,22,48,111,144,230,5433,6,52,0,safflower
67,216,180,8,230,5430,22,48,111,144,230,5428,6,52,0,safflower
67,215,180,8,229,5424,22,48,111,143,230,5424,6,52,0,safflower
67,214,180,8,230,5438,22,48,111,144,230,5430,6,51,0,safflower
66,216,180,8,229,5444,22,48,111,143,230,5443,7,52,0,safflower
67,216,180,9,229,5433,22,48,111,144,230,5432,6,52,0,safflower
67,216,180,9,229,5438,21,47,110,144,230,5439,7,52,0,safflower
67,217,180,8,230,5442,22,48,111,144,230,5439,7,52,0,safflower
68,216,180,9,230,5439,22,48,111,144,230,5439,6,52,0,safflower
67,216,179,8,230,5443,22,48,111,144,230,5440,6,52,0,safflower
67,216,180,8,229,5440,22,48,111,143,230,5442,6,52,0,safflower
67,216,180,8,230,5437,22,48,111,144,231,5437,6,52,0,safflower
66,216,180,8,230,5445,21,48,111,144,230,5435,6,52,0,safflower
67,216,180,8,230,5443,22,48,111,144,230,5432,6,52,0,safflower
67,216,180,8,230,5437,21,48,110,144,230,5436,6,52,0,safflower
67,216,180,8,229,5437,21,48,111,143,230,5430,6,52,0,safflower
66,216,180,8,230,5442,22,48,111,144,230,5433,6,52,0,safflower
67,216,179,8,229,5431,22,49,111,143,230,5428,6,52,0,safflower
67,216,180,8,230,5429,21,47,111,142,229,5432,6,52,0,safflower
67,216,180,9,230,5433,21,48,110,143,230,5432,6,52,0,safflower
67,216,180,8,229,5440,22,48,111,144,230,5434,6,52,0,safflower
67,216,180,8,230,5436,22,49,110,144,230,5435,7,52,0,safflower
66,216,180,8,228,5432,21,47,111,144,229,5428,6,52,0,safflower
65,215,179,9,229,5422,21,47,110,143,230,5423,7,52,0,safflower
65,216,179,8,229,5423,21,48,111,143,229,5419,6,52,0,safflower
42,100,81,6,109,2413,14,33,58,64,109,2406,5,27,80,safflower
41,100,82,5,109,2404,14,33,59,64,110,2400,5,27,80,safflower
40,99,81,6,108,2379,14,33,58,64,109,2376,5,27,80,safflower
40,99,81,5,108,2378,14,33,59,64,110,2383,5,27,80,safflower
40,99,81,5,109,2372,14,33,59,64,109,2372,5,27,80,safflower
40,99,81,5,108,2373,13,33,59,64,109,2371,5,27,80,safflower
40,99,81,5,109,2381,14,33,59,64,108,2379,5,27,80,safflower
40,99,81,6,109,2380,14,33,59,63,109,2378,5,27,80,safflower
41,99,82,6,109,2388,14,33,59,64,110,2388,5,27,80,safflower
41,100,82,6,109,2399,14,33,59,64,109,2397,5,27,80,safflower
41,100,82,5,109,2404,14,33,59,64,110,2395,5,27,80,safflower
45,103,84,6,115,2476,15,35,61,66,115,2471,5,28,80,safflower
45,103,84,5,115,2476,15,35,62,66,115,2473,5,28,80,safflower
46,103,84,6,115,2480,15,35,61,66,115,2481,5,28,80,safflower
46,104,83,6,115,2481,15,35,62,66,116,2480,5,28,80,safflower
46,104,84,6,115,2475,15,35,61,66,115,2487,5,27,80,safflower
45,104,84,5,115,2482,15,36,62,66,115,2481,5,28,80,safflower
45,103,84,5,115,2483,15,35,61,66,115,2483,5,28,80,safflower
45,104,84,6,115,2484,15,35,62,66,114,2480,5,28,80,safflower
46,103,84,5,115,2487,15,35,62,66,114,2484,5,28,80,safflower
46,104,84,5,115,2492,15,36,62,66,115,2488,5,28,80,safflower
46,103,84,5,115,2483,15,35,61,66,115,2481,5,27,80,safflower
46,103,84,5,113,2484,15,36,62,66,115,2486,5,28,80,safflower
46,103,84,6,115,2483,15,35,62,66,115,2479,5,27,80,safflower
46,103,84,6,115,2488,15,35,62,66,115,2489,5,27,80,safflower
46,104,84,6,115,2488,15,35,62,66,115,2490,5,27,80,safflower
46,104,83,5,115,2485,15,36,62,66,115,2483,5,28,80,safflower
46,104,84,6,115,2487,15,35,62,66,115,2483,5,28,80,safflower
46,104,84,6,115,2489,15,35,62,66,115,2490,5,27,80,safflower
46,103,84,6,115,2489,15,35,62,66,115,2491,5,27,80,safflower
42,171,146,8,179,4162,15,38,96,125,195,4546,6,45,20,safflower
43,168,142,7,174,4077,15,31,85,114,174,4067,5,43,20,safflower
43,167,140,7,173,4061,15,32,85,114,174,4060,6,43,20,safflower
43,167,141,7,173,4056,15,32,84,114,173,4061,6,43,20,safflower
43,167,141,7,173,4059,15,32,85,114,173,4057,6,42,20,safflower
42,167,142,7,173,4081,15,32,85,114,174,4081,6,43,20,safflower
42,167,142,7,174,4077,16,31,86,115,174,4079,6,43,20,safflower
42,167,142,7,173,4080,15,32,85,115,174,4082,6,43,20,safflower
42,167,141,7,173,4079,15,32,85,114,174,4075,6,43,20,safflower
42,166,141,7,173,4085,15,32,85,114,174,4082,6,43,20,safflower
42,168,142,7,174,4089,14,31,84,114,174,4077,6,43,20,safflower
42,168,141,7,173,4087,15,32,85,114,174,4081,6,43,20,safflower
42,166,141,7,173,4082,15,32,85,114,174,4086,6,43,20,safflower
42,167,141,7,173,4082,15,32,85,115,174,4081,5,43,20,safflower
41,166,141,6,174,4085,15,32,85,114,174,4082,5,43,20,safflower
42,167,141,7,173,4086,15,32,85,115,174,4080,6,43,20,safflower
42,168,141,7,173,4089,15,32,85,115,174,4086,5,43,20,safflower
42,167,141,7,174,4088,15,32,85,114,174,4082,5,43,20,safflower
42,168,141,7,174,4084,15,32,85,114,174,4085,5,43,20,safflower
42,168,141,7,174,4084,15,32,85,115,174,4083,6,43,20,safflower
42,167,141,7,174,4089,15,32,85,114,174,4086,6,43,20,safflower
42,168,140,7,173,4087,15,32,85,114,174,4082,6,43,20,safflower
42,167,141,7,173,4081,15,32,85,114,174,4078,6,43,20,safflower
42,167,141,7,173,4079,15,32,85,115,174,4077,5,43,20,safflower
42,167,141,7,174,4083,15,32,84,114,174,4082,6,43,20,safflower
42,168,141,7,172,4081,15,31,85,114,174,4076,6,43,20,safflower
42,168,141,7,173,4085,15,32,85,115,174,4084,5,43,20,safflower
42,168,141,7,173,4084,15,32,85,114,174,4086,5,43,20,safflower
42,168,141,7,174,4079,15,32,85,114,174,4082,6,43,20,safflower
42,168,141,7,174,4081,15,32,85,114,174,4080,6,43,20,safflower
39,153,128,7,160,3756,14,32,81,103,160,3761,5,40,40,safflower
39,155,130,7,161,3794,14,31,80,102,159,3701,5,40,40,safflower
39,153,129,7,159,3750,13,31,81,104,160,3750,6,41,40,safflower
39,154,129,7,158,3749,13,31,82,104,160,3742,5,41,40,safflower
38,153,129,7,160,3750,13,31,81,104,160,3753,5,41,40,safflower
38,153,129,7,159,3753,13,31,81,104,159,3755,6,41,40,safflower
38,154,129,7,159,3756,13,31,81,104,160,3754,5,41,40,safflower
38,153,128,7,160,3752,13,31,81,104,160,3752,5,40,40,safflower
38,154,129,7,159,3751,14,31,81,104,160,3756,5,41,40,safflower
38,154,129,7,160,3762,13,30,82,104,160,3757,5,41,40,safflower
38,154,128,7,160,3754,14,31,82,104,159,3756,5,40,40,safflower
38,154,130,7,160,3775,13,31,81,105,161,3769,5,41,40,safflower
38,154,129,7,160,3771,13,31,82,104,161,3779,5,41,40,safflower
38,154,130,7,160,3765,13,31,82,104,160,3769,5,41,40,safflower
39,155,129,7,160,3770,13,31,82,104,160,3767,6,41,40,safflower
38,153,129,7,160,3771,13,31,81,104,160,3765,5,41,40,safflower
38,154,129,7,159,3768,13,31,82,104,159,3758,5,41,40,safflower
38,154,128,7,160,3764,13,30,81,104,160,3763,5,41,40,safflower
38,154,129,7,160,3768,13,31,82,104,161,3762,5,41,40,safflower
38,154,129,7,160,3763,13,31,81,104,160,3762,5,41,40,safflower
38,155,129,7,161,3776,13,31,82,104,161,3777,6,41,40,safflower
38,154,130,7,160,3768,13,31,82,104,161,3768,5,41,40,safflower
38,155,129,7,159,3772,13,31,82,105,161,3773,5,40,40,safflower
38,154,129,7,160,3771,13,31,82,103,161,3770,6,41,40,safflower
38,154,129,7,160,3767,13,30,82,104,160,3770,5,41,40,safflower
38,154,128,7,160,3769,13,31,82,103,160,3766,5,41,40,safflower
38,154,129,7,160,3770,13,31,82,104,160,3774,6,41,40,safflower
38,155,129,7,160,3774,13,31,82,104,161,3770,6,41,40,safflower
38,154,129,7,160,3770,13,31,81,104,160,3765,5,41,40,safflower
38,155,130,7,160,3766,13,31,82,105,161,3770,6,41,40,safflower
60,170,140,7,184,4298,20,45,95,110,186,4317,6,43,60,safflower
59,170,140,7,184,4299,19,45,95,110,184,4303,6,43,60,safflower
58,168,140,7,183,4290,19,44,95,110,184,4296,6,43,60,safflower
59,169,140,7,184,4297,19,44,94,109,184,4297,6,43,60,safflower
58,170,140,7,184,4310,19,45,95,110,185,4315,6,43,60,safflower
60,171,141,7,185,4319,19,45,95,110,184,4320,6,42,60,safflower
59,171,140,7,184,4318,19,45,95,110,185,4310,6,43,60,safflower
59,170,140,7,184,4313,19,44,95,110,185,4311,6,43,60,safflower
59,170,140,7,185,4322,19,45,95,110,185,4319,6,42,60,safflower
59,170,140,7,185,4328,19,45,95,110,185,4329,6,43,60,safflower
59,171,141,7,185,4328,19,44,95,110,185,4329,6,43,60,safflower
59,170,141,7,185,4330,19,45,96,111,186,4331,6,43,60,safflower
58,171,141,7,185,4331,19,45,95,110,185,4329,6,43,60,safflower
58,170,141,7,185,4325,19,45,95,110,185,4319,6,43,60,safflower
58,171,140,7,184,4328,19,45,95,109,186,4326,6,43,60,safflower
58,171,141,7,185,4335,19,45,96,110,185,4330,6,44,60,safflower
58,171,141,7,186,4341,19,45,96,111,186,4329,6,43,60,safflower
59,171,141,7,185,4330,19,45,96,110,186,4331,6,43,60,safflower
59,172,141,7,187,4350,19,45,96,111,187,4348,6,44,60,safflower
59,171,141,7,185,4333,19,45,96,111,186,4341,6,43,60,safflower
58,172,141,7,186,4346,20,45,96,111,186,4343,6,44,60,safflower
59,172,141,8,186,4350,19,45,96,111,187,4346,6,44,60,safflower
60,172,142,7,186,4338,19,45,95,110,185,4333,6,43,60,safflower
60,170,140,7,186,4339,20,45,95,111,186,4344,6,43,60,safflower
60,172,141,7,186,4343,20,45,96,111,186,4343,6,43,60,safflower
60,171,141,7,185,4342,20,45,96,111,186,4344,6,44,60,safflower
60,172,141,7,185,4353,20,45,96,111,186,4351,6,44,60,safflower
60,171,141,7,185,4351,20,45,96,111,186,4349,6,43,60,safflower
59,171,141,7,186,4334,20,45,95,111,186,4337,6,42,60,safflower
60,172,141,7,186,4347,19,45,96,111,187,4349,6,43,60,safflower
52,173,143,7,184,4273,17,43,100,116,184,4268,6,44,0,sesame
52,174,145,7,184,4260,16,43,100,117,184,4256,6,44,0,sesame
51,173,144,7,184,4259,16,43,100,116,185,4259,6,44,0,sesame
52,174,144,7,184,4262,16,43,99,116,185,4259,6,44,0,sesame
51,173,144,7,182,4243,16,43,99,116,183,4243,6,44,0,sesame
56,184,153,7,196,4535,17,47,106,122,196,4527,6,45,0,sesame
56,184,153,7,196,4536,17,47,105,122,196,4526,6,45,0,sesame
56,183,152,7,196,4523,17,47,106,122,196,4531,6,46,0,sesame
56,184,153,7,196,4527,18,47,106,122,196,4522,6,46,0,sesame
55,184,152,8,195,4536,17,47,106,122,196,4536,6,46,0,sesame
55,184,152,7,196,4531,17,47,106,123,196,4526,6,45,0,sesame
55,184,153,7,196,4531,16,47,106,122,197,4533,6,46,0,sesame
56,184,153,7,196,4536,17,47,106,123,196,4528,5,46,0,sesame
55,184,153,7,196,4542,17,47,106,123,197,4534,4,46,0,sesame
55,184,153,7,196,4537,17,47,106,122,197,4542,6,46,0,sesame
55,184,153,7,196,4536,17,46,105,123,196,4538,6,46,0,sesame
55,184,152,7,196,4525,17,47,106,122,196,4521,6,46,0,sesame
55,184,153,7,196,4527,17,47,106,122,197,4526,6,46,0,sesame
55,184,152,7,195,4526,17,46,106,123,197,4531,6,45,0,sesame
55,184,153,8,194,4530,17,46,106,122,196,4530,6,46,0,sesame
56,184,153,7,196,4536,16,46,106,122,196,4532,6,46,0,sesame
55,184,153,7,196,4537,17,47,107,123,197,4534,5,45,0,sesame
55,184,153,8,197,4537,17,47,106,122,196,4530,6,46,0,sesame
56,184,153,7,196,4536,17,46,106,122,196,4531,6,45,0,sesame
56,183,153,7,196,4532,17,46,106,121,196,4525,6,46,0,sesame
54,182,150,7,193,4493,17,46,105,121,194,4495,6,46,0,sesame
54,182,151,7,193,4496,17,46,105,122,194,4492,6,45,0,sesame
54,181,151,7,193,4497,17,45,105,121,194,4491,6,45,0,sesame
54,182,151,7,193,4491,17,46,105,121,194,4493,5,45,0,sesame
55,185,153,8,197,4559,17,45,105,121,193,4504,6,45,0,sesame
56,178,147,8,190,4410,17,48,105,119,193,4437,6,46,20,sesame
56,180,147,8,192,4422,17,48,105,119,193,4429,6,46,20,sesame
56,180,147,8,192,4439,17,48,105,118,193,4433,6,46,20,sesame
54,176,145,7,188,4352,17,46,102,117,188,4350,6,45,20,sesame
56,180,146,7,192,4441,17,48,105,118,193,4438,6,45,20,sesame
56,180,148,8,192,4441,17,48,104,118,193,4445,6,46,20,sesame
56,180,148,7,192,4446,17,48,105,118,192,4442,6,46,20,sesame
56,179,148,7,192,4443,17,48,104,118,193,4445,6,45,20,sesame
55,179,147,7,190,4426,17,48,104,118,192,4420,6,45,20,sesame
56,179,147,7,192,4436,17,48,104,118,193,4435,6,46,20,sesame
56,180,148,8,192,4447,17,48,105,118,193,4449,6,46,20,sesame
56,180,147,7,193,4447,17,48,105,118,193,4448,5,45,20,sesame
56,180,147,7,192,4457,17,48,105,119,192,4453,6,46,20,sesame
55,180,148,7,192,4448,17,48,105,119,193,4449,6,46,20,sesame
56,179,147,8,192,4451,17,48,104,119,193,4450,6,46,20,sesame
55,180,147,7,193,4446,17,48,105,118,193,4448,6,46,20,sesame
56,179,147,8,193,4452,17,48,105,119,193,4453,6,45,20,sesame
55,180,148,7,192,4457,17,48,105,119,193,4450,6,46,20,sesame
55,180,147,7,192,4455,16,48,105,119,193,4453,6,46,20,sesame
56,180,148,7,192,4454,17,48,104,118,193,4454,6,46,20,sesame
55,180,147,8,193,4453,17,48,105,118,193,4450,6,46,20,sesame
56,180,147,7,192,4447,17,48,103,118,192,4448,6,46,20,sesame
56,180,148,8,192,4454,17,48,104,118,193,4456,6,46,20,sesame
55,180,147,7,192,4453,17,48,104,118,193,4453,6,46,20,sesame
55,179,147,7,192,4448,17,47,104,118,192,4447,6,46,20,sesame
55,179,147,8,192,4451,17,48,105,118,193,4449,6,46,20,sesame
55,180,147,8,192,4444,17,48,104,118,193,4447,6,46,20,sesame
55,180,147,7,192,4450,17,48,105,118,193,4448,6,46,20,sesame
55,180,147,7,192,4452,17,48,104,118,193,4446,6,46,20,sesame
56,180,147,7,192,4446,17,48,105,118,193,4441,6,46,20,sesame
50,165,134,7,177,4132,15,46,97,109,178,4114,6,43,40,sesame
69,179,142,8,197,4527,20,55,107,114,197,4523,6,44,40,sesame
67,178,143,8,196,4527,21,55,107,114,195,4524,6,45,40,sesame
65,179,143,8,195,4510,20,54,107,115,196,4509,6,45,40,sesame
65,179,143,8,196,4493,20,54,107,115,196,4494,6,45,40,sesame
65,179,143,8,195,4510,20,54,107,115,196,4509,6,45,40,sesame
65,179,143,8,196,4493,20,54,107,115,196,4494,6,45,40,sesame
61,177,143,7,192,4449,19,52,105,114,193,4448,6,45,40,sesame
61,176,142,7,192,4442,18,52,104,114,192,4437,6,44,40,sesame
61,177,142,8,192,4443,18,52,104,114,193,4447,6,45,40,sesame
62,177,143,8,192,4445,18,52,105,114,192,4438,6,45,40,sesame
62,176,143,8,193,4459,19,52,105,114,193,4456,6,45,40,sesame
62,177,143,8,193,4456,18,52,105,114,193,4452,6,44,40,sesame
63,177,143,8,193,4466,19,52,105,115,192,4463,6,45,40,sesame
61,177,142,8,192,4435,18,52,105,114,192,4439,6,44,40,sesame
61,176,142,7,192,4434,19,51,104,114,192,4442,6,44,40,sesame
61,175,143,8,192,4438,18,52,104,114,192,4423,6,44,40,sesame
61,177,142,7,191,4437,18,52,104,113,192,4435,6,44,40,sesame
61,176,141,7,191,4429,18,52,104,114,193,4433,6,44,40,sesame
61,176,142,8,192,4429,18,52,104,113,192,4428,6,44,40,sesame
59,175,141,7,190,4400,18,52,104,113,190,4398,6,44,40,sesame
59,175,142,8,191,4399,18,51,104,113,191,4399,6,45,40,sesame
59,175,141,8,190,4396,18,52,104,113,191,4398,6,44,40,sesame
59,175,141,8,190,4400,18,52,104,113,191,4391,6,45,40,sesame
59,175,141,8,190,4387,17,51,103,113,191,4386,6,44,40,sesame
58,175,141,8,190,4385,18,51,104,113,191,4381,6,44,40,sesame
58,175,141,8,190,4380,18,51,103,113,190,4384,6,44,40,sesame
59,174,141,7,190,4386,18,51,103,113,190,4381,6,44,40,sesame
58,175,141,7,190,4375,17,51,102,113,190,4363,6,45,40,sesame
58,175,141,8,189,4377,17,51,103,113,189,4372,6,44,40,sesame
44,124,102,6,135,3072,14,39,74,83,136,3068,5,34,60,sesame
45,124,102,6,135,3067,14,39,74,82,136,3068,5,34,60,sesame
44,125,101,7,134,3056,14,38,73,83,135,3055,5,34,60,sesame
44,123,101,6,134,3044,14,38,73,82,134,3041,6,34,60,sesame
43,124,101,6,133,3032,14,38,73,81,134,3033,6,34,60,sesame
43,124,101,6,133,3026,13,38,73,83,134,3019,5,34,60,sesame
43,124,101,7,134,3026,13,38,73,82,134,3023,6,34,60,sesame
43,123,100,6,133,3029,13,38,73,82,134,3028,5,34,60,sesame
43,124,101,6,133,3035,14,38,73,82,134,3035,6,34,60,sesame
43,124,101,7,134,3036,14,38,73,82,133,3030,5,34,60,sesame
44,124,101,6,134,3028,14,38,74,82,134,3027,5,34,60,sesame
44,124,101,6,132,3025,14,38,72,82,134,3021,6,34,60,sesame
44,124,100,6,134,3028,14,38,73,82,134,3025,6,34,60,sesame
44,123,100,6,133,3017,14,38,73,82,134,3024,5,34,60,sesame
44,123,100,6,133,3024,14,38,73,82,133,3022,5,34,60,sesame
44,123,100,6,133,3017,14,37,72,81,133,3012,6,34,60,sesame
44,123,100,6,133,3012,14,38,73,82,133,3014,6,34,60,sesame
44,123,100,6,132,3002,14,38,71,81,132,3000,5,33,60,sesame
44,123,99,6,132,2998,14,38,72,82,133,2996,5,32,60,sesame
43,123,99,6,132,2992,13,37,72,81,132,2991,5,32,60,sesame
43,122,100,6,132,2994,14,38,72,82,132,2991,5,33,60,sesame
43,122,99,6,131,2986,14,37,72,81,132,2987,6,33,60,sesame
43,122,99,6,131,2984,13,37,72,81,131,2981,5,33,60,sesame
43,122,99,7,131,2980,13,37,72,80,130,2978,5,33,60,sesame
44,122,100,7,132,2974,14,38,72,81,132,2977,6,33,60,sesame
43,122,99,6,131,2973,14,37,72,81,132,2974,5,33,60,sesame
43,122,99,6,132,2973,13,38,72,81,132,2974,6,33,60,sesame
44,122,99,6,131,2972,14,38,72,81,132,2970,5,33,60,sesame
44,122,99,7,131,2970,13,37,72,81,131,2971,6,33,60,sesame
43,121,99,6,131,2970,13,38,72,80,131,2972,5,33,60,sesame
52,110,88,6,123,2685,16,42,69,67,123,2682,5,28,80,sesame
50,108,86,6,120,2630,15,41,67,66,120,2628,5,28,80,sesame
50,108,86,6,120,2625,16,41,68,67,121,2623,5,28,80,sesame
51,109,87,6,122,2662,16,41,68,67,122,2668,5,28,80,sesame
52,110,87,6,123,2684,16,42,69,67,123,2684,5,28,80,sesame
53,111,88,6,124,2709,16,43,70,68,123,2715,6,28,80,sesame
53,110,88,6,124,2707,16,42,69,68,124,2709,6,28,80,sesame
52,111,88,6,124,2720,16,42,70,68,125,2722,6,28,80,sesame
52,111,88,6,125,2744,16,43,70,68,125,2744,6,28,80,sesame
53,112,88,6,125,2750,16,43,70,68,126,2752,6,29,80,sesame
53,112,88,6,126,2769,16,43,69,69,126,2761,5,28,80,sesame
52,112,88,6,126,2766,16,43,70,69,126,2764,6,29,80,sesame
53,112,87,6,126,2765,17,42,71,69,127,2770,6,28,80,sesame
53,113,89,6,126,2778,16,42,71,69,127,2782,6,29,80,sesame
53,113,89,6,127,2800,16,43,72,69,127,2790,6,29,80,sesame
52,114,89,6,127,2800,16,43,71,70,128,2790,6,28,80,sesame
54,114,89,6,128,2795,16,44,72,69,128,2792,6,29,80,sesame
54,114,90,6,128,2802,17,44,72,70,128,2805,6,29,80,sesame
54,115,90,6,128,2807,17,44,72,70,129,2802,6,28,80,sesame
54,114,91,6,128,2805,17,44,72,70,128,2809,6,29,80,sesame
55,115,91,6,129,2824,17,44,72,70,129,2825,6,29,80,sesame
54,115,90,6,128,2811,17,44,72,70,129,2806,6,29,80,sesame
54,114,90,6,128,2802,17,44,72,69,128,2797,6,29,80,sesame
55,113,90,6,127,2801,17,44,72,70,128,2799,5,29,80,sesame
54,114,90,6,127,2799,17,44,72,69,128,2799,6,29,80,sesame
54,113,90,6,127,2795,17,43,71,70,128,2796,6,29,80,sesame
54,113,88,6,127,2796,17,44,71,69,127,2794,6,28,80,sesame
54,113,89,6,127,2787,17,43,71,69,127,2789,6,29,80,sesame
54,113,90,6,127,2785,16,43,71,69,127,2785,6,29,80,sesame
53,113,89,6,127,2780,16,43,71,69,127,2779,6,29,80,sesame